,freq,0deg,90deg
0,78328411400,1.39803848,1.28760362
1,83223937100,1.40947166,1.29757875
2,88119462800,1.40645664,1.2955672
3,93014988500,1.40344772,1.29579807
4,97910514200,1.40840022,1.29839237
5,102806040000,1.40155161,1.29441944
6,107701566000,1.4027667,1.29310438
7,112597091000,1.40435033,1.29577019
