freq            ,ref_ind         ,epsilon_r       ,epsilon_i     
+2.97997069e+011,2.153,4.635409,0
+4.20127015e+011,2.154,4.639716,0
+7.86516854e+011,2.155,4.644025,0
+1.06497313e+012,2.156,4.648336,0
+1.23595506e+012,2.157,4.652649,0
+1.38739619e+012,2.158,4.656964,0
+1.49975574e+012,2.159,4.661281,0
+1.65608207e+012,2.16,4.6656,0
+1.76844162e+012,2.161,4.669921,0
+1.89057157e+012,2.162,4.674244,0
